{
  "_fv": 8,
  "_type": "tool",
  "definition": {
    "renderType": 0,
    "texture": "deepstone_pick_transparent",
    "customModelName": "Normal",
    "name": "Deepstone Pickaxe",
    "specialInfo": [],
    "creativeTab": {
      "value": "TOOLS"
    },
    "toolType": "Pickaxe",
    "harvestLevel": 1,
    "efficiency": 3.0,
    "attackSpeed": 0.5,
    "enchantability": 0,
    "damageVsEntity": 4.0,
    "usageCount": 100,
    "blocksAffected": [],
    "hasGlow": false,
    "repairItems": []
  }
}