{
  "_fv": 8,
  "_type": "armor",
  "definition": {
    "enableHelmet": true,
    "textureHelmet": "deepstone_helmet",
    "enableBody": true,
    "textureBody": "deepstone_chestplate",
    "enableLeggings": false,
    "textureLeggings": "",
    "enableBoots": true,
    "textureBoots": "deepsotne_boots",
    "creativeTab": {
      "value": "COMBAT"
    },
    "armorTextureFile": "deepstone",
    "helmetName": "Deepstone Armor Helmet",
    "bodyName": "Deepstone Armor Body",
    "leggingsName": "Deepstone Armor Leggings",
    "bootsName": "Deepstone Armor Boots",
    "helmetModelName": "Default",
    "helmetModelPart": "Helmet",
    "helmetModelTexture": "From armor",
    "bodyModelName": "Default",
    "bodyModelPart": "Body",
    "bodyModelTexture": "From armor",
    "leggingsModelName": "Default",
    "leggingsModelPartL": "Leggings L",
    "leggingsModelPartR": "Leggings R",
    "leggingsModelTexture": "From armor",
    "bootsModelName": "Default",
    "bootsModelPartL": "Boots L",
    "bootsModelPartR": "Boots R",
    "bootsModelTexture": "From armor",
    "maxDamage": 25,
    "damageValueHelmet": 3,
    "damageValueBody": 7,
    "damageValueLeggings": 0,
    "damageValueBoots": 3,
    "enchantability": 9,
    "toughness": 1.0,
    "equipSound": {
      "value": ""
    },
    "repairItems": []
  }
}