{
  "_fv": 8,
  "_type": "recipe",
  "definition": {
    "recipeType": "Crafting",
    "xpReward": 0.0,
    "cookingTime": 200,
    "recipeRetstackSize": 1,
    "group": "",
    "recipeShapeless": false,
    "recipeSlots": [
      {
        "value": ""
      },
      {
        "value": "Items.EMERALD"
      },
      {
        "value": ""
      },
      {
        "value": ""
      },
      {
        "value": "Items.EMERALD"
      },
      {
        "value": ""
      },
      {
        "value": ""
      },
      {
        "value": "Blocks.END_ROD"
      },
      {
        "value": ""
      }
    ],
    "recipeReturnStack": {
      "value": "CUSTOM:EmeraldSword"
    },
    "name": "emerald_sword_recipe",
    "namespace": "mod"
  }
}