{
  "_fv": 8,
  "_type": "mob",
  "definition": {
    "mobName": "Goblin",
    "mobLabel": "",
    "mobModelName": "Biped",
    "mobModelTexture": "goblin.png",
    "mobModelGlowTexture": "",
    "modelWidth": 0.6,
    "modelHeight": 1.8,
    "modelShadowSize": 0.5,
    "mountedYOffset": 0.0,
    "hasSpawnEgg": true,
    "spawnEggBaseColor": {
      "value": -16751104,
      "falpha": 0.0
    },
    "spawnEggDotColor": {
      "value": -13421773,
      "falpha": 0.0
    },
    "creativeTab": {
      "value": "MISC"
    },
    "isBoss": false,
    "bossBarColor": "PINK",
    "bossBarType": "PROGRESS",
    "equipmentMainHand": {
      "value": "CUSTOM:DeepstoneDagger"
    },
    "equipmentOffHand": {
      "value": "CUSTOM:Deepstonepickaxe"
    },
    "equipmentHelmet": {
      "value": "CUSTOM:Headlamp.helmet"
    },
    "equipmentBody": {
      "value": ""
    },
    "equipmentLeggings": {
      "value": ""
    },
    "equipmentBoots": {
      "value": "Items.CHAINMAIL_BOOTS"
    },
    "mobBehaviourType": "Mob",
    "mobCreatureType": "UNDEAD",
    "attackStrength": 3,
    "movementSpeed": 0.2,
    "armorBaseValue": 0.0,
    "trackingRange": 64,
    "health": 25,
    "xpAmount": 0,
    "waterMob": false,
    "flyingMob": false,
    "disableCollisions": false,
    "ridable": false,
    "canControlForward": false,
    "canControlStrafe": false,
    "immuneToFire": true,
    "immuneToArrows": false,
    "immuneToFallDamage": false,
    "immuneToCactus": false,
    "immuneToDrowning": false,
    "immuneToLightning": false,
    "immuneToPotions": false,
    "immuneToPlayer": false,
    "mobDrop": {
      "value": ""
    },
    "livingSound": {
      "value": ""
    },
    "hurtSound": {
      "value": ""
    },
    "deathSound": {
      "value": "entity.generic.death"
    },
    "spawnParticles": false,
    "particleToSpawn": {
      "value": "EXPLOSION_NORMAL"
    },
    "particleSpawningShape": "Spread",
    "particleSpawningRadious": 0.5,
    "particleAmount": 4,
    "particleSpawningCondition": "ALWAYS",
    "hasAI": true,
    "aiBase": "(none)",
    "aixml": "<xml xmlns=\"https://developers.google.com/blockly/xml\"><block type=\"aitasks_container\" deletable=\"false\" x=\"40\" y=\"40\"><next><block type=\"attack_on_collide\"><field name=\"speed\">1.2</field><field name=\"longmemory\">TRUE</field><next><block type=\"attack_action\"><field name=\"callhelp\">TRUE</field><next><block type=\"panic_when_attacked\"><field name=\"speed\">0.8</field><next><block type=\"wander\"><field name=\"speed\">0.5</field><next><block type=\"look_around\"><next><block type=\"swim_in_water\"/></next></block></next></block></next></block></next></block></next></block></next></block></xml>",
    "breedable": false,
    "breedTriggerItems": [],
    "ranged": false,
    "rangedAttackItem": {
      "value": ""
    },
    "rangedItemType": "Default item",
    "spawnThisMob": true,
    "doesDespawnWhenIdle": true,
    "spawningProbability": 20,
    "mobSpawningType": "monster",
    "minNumberOfMobsPerGroup": 4,
    "maxNumberOfMobsPerGroup": 10,
    "restrictionBiomes": [
      {
        "value": "CUSTOM:UnderWorld"
      }
    ],
    "spawnInDungeons": false
  }
}