{
  "_fv": 8,
  "_type": "tool",
  "definition": {
    "renderType": 0,
    "texture": "grass_sword",
    "customModelName": "Normal",
    "name": "Grass Sword",
    "specialInfo": [],
    "creativeTab": {
      "value": "TOOLS"
    },
    "toolType": "Sword",
    "harvestLevel": 0,
    "efficiency": 0.0,
    "attackSpeed": 3.0,
    "enchantability": 0,
    "damageVsEntity": 0.0,
    "usageCount": 50,
    "blocksAffected": [],
    "hasGlow": false,
    "repairItems": [],
    "onEntityHitWith": {
      "name": "GrassSwordLivingEntityIsHitWithTool"
    }
  }
}