{
  "_fv": 8,
  "_type": "tool",
  "definition": {
    "renderType": 0,
    "texture": "better_wand",
    "customModelName": "Normal",
    "name": "Magic Wand",
    "specialInfo": [],
    "creativeTab": {
      "value": "TOOLS"
    },
    "toolType": "Sword",
    "harvestLevel": 1,
    "efficiency": 4.0,
    "attackSpeed": 0.19999999999999998,
    "enchantability": 5,
    "damageVsEntity": 12.0,
    "usageCount": 100,
    "blocksAffected": [],
    "hasGlow": true,
    "repairItems": [],
    "onEntityHitWith": {
      "name": "Magicked"
    }
  }
}