{
  "_fv": 8,
  "_type": "recipe",
  "definition": {
    "recipeType": "Crafting",
    "xpReward": 0.0,
    "cookingTime": 200,
    "recipeRetstackSize": 1,
    "group": "",
    "recipeShapeless": false,
    "recipeSlots": [
      {
        "value": "Items.REDSTONE"
      },
      {
        "value": "CUSTOM:Sapphire"
      },
      {
        "value": "Items.REDSTONE"
      },
      {
        "value": "Items.LEATHER"
      },
      {
        "value": "Items.BLAZE_ROD"
      },
      {
        "value": "Items.LEATHER"
      },
      {
        "value": ""
      },
      {
        "value": "Items.BLAZE_ROD"
      },
      {
        "value": ""
      }
    ],
    "recipeReturnStack": {
      "value": "CUSTOM:MagicWand"
    },
    "name": "magic_wand_recipe",
    "namespace": "mod"
  }
}