{
  "_fv": 8,
  "_type": "recipe",
  "definition": {
    "recipeType": "Crafting",
    "xpReward": 0.0,
    "cookingTime": 200,
    "recipeRetstackSize": 4,
    "group": "",
    "recipeShapeless": false,
    "recipeSlots": [
      {
        "value": ""
      },
      {
        "value": "Blocks.STONE#0"
      },
      {
        "value": ""
      },
      {
        "value": "Blocks.STONE#0"
      },
      {
        "value": "Blocks.COAL_BLOCK"
      },
      {
        "value": "Blocks.STONE#0"
      },
      {
        "value": ""
      },
      {
        "value": "Blocks.STONE#0"
      },
      {
        "value": ""
      }
    ],
    "recipeReturnStack": {
      "value": "CUSTOM:Midstone"
    },
    "name": "midstonerecipe",
    "namespace": "mod"
  }
}