{
  "_fv": 8,
  "_type": "item",
  "definition": {
    "renderType": 0,
    "texture": "phone1",
    "customModelName": "Normal",
    "name": "Phone",
    "creativeTab": {
      "value": "TOOLS"
    },
    "stackSize": 1,
    "enchantability": 0,
    "useDuration": 0,
    "toolType": 1.0,
    "damageCount": 0,
    "destroyAnyBlock": false,
    "stayInGridWhenCrafting": false,
    "enableMeleeDamage": false,
    "damageVsEntity": 0.0,
    "specialInfo": [],
    "hasGlow": false,
    "guiBoundTo": "<NONE>",
    "inventorySize": 9,
    "inventoryStackSize": 64,
    "onRightClickedInAir": {
      "name": "PhoneRightClickedInAir"
    }
  }
}