{
  "_fv": 8,
  "_type": "recipe",
  "definition": {
    "recipeType": "Crafting",
    "xpReward": 0.0,
    "cookingTime": 200,
    "recipeRetstackSize": 1,
    "group": "",
    "recipeShapeless": false,
    "recipeSlots": [
      {
        "value": "Items.CLOCK"
      },
      {
        "value": "Items.COMPASS"
      },
      {
        "value": ""
      },
      {
        "value": "Items.IRON_NUGGET"
      },
      {
        "value": "Items.GOLD_NUGGET"
      },
      {
        "value": ""
      },
      {
        "value": "Items.CLAY_BALL"
      },
      {
        "value": "Blocks.REDSTONE_BLOCK"
      },
      {
        "value": ""
      }
    ],
    "recipeReturnStack": {
      "value": "CUSTOM:Phone"
    },
    "name": "phone_recipe",
    "namespace": "mod"
  }
}