{
  "_fv": 8,
  "_type": "biome",
  "definition": {
    "groundBlock": {
      "value": "Blocks.GRASS"
    },
    "undergroundBlock": {
      "value": "Blocks.EMERALD_ORE"
    },
    "generateLakes": true,
    "treeType": 0,
    "vanillaTreeType": "Birch trees",
    "minHeight": 7,
    "spawnVines": false,
    "treeVines": {
      "value": ""
    },
    "treeStem": {
      "value": ""
    },
    "treeBranch": {
      "value": ""
    },
    "treeFruits": {
      "value": ""
    },
    "customColors": true,
    "airColor": {
      "value": -65281,
      "falpha": 0.0
    },
    "grassColor": {
      "value": -9568001,
      "falpha": 0.0
    },
    "waterColor": {
      "value": -16776961,
      "falpha": 0.0
    },
    "treesPerChunk": 6,
    "grassPerChunk": 16,
    "flowersPerChunk": 17,
    "mushroomsPerChunk": 8,
    "bigMushroomsChunk": 0,
    "sandPathcesPerChunk": 0,
    "gravelPatchesPerChunk": 0,
    "reedsPerChunk": 0,
    "cactiPerChunk": 0,
    "rainingPossibility": 0.7,
    "temperature": 0.2,
    "baseHeight": -0.30000000000000004,
    "heightVariation": 0.0,
    "spawnBiome": true,
    "biomeWeight": 1024,
    "biomeType": "WARM",
    "biomeCategory": "NONE",
    "parent": {
      "value": "No parent"
    },
    "biomeDictionaryTypes": [],
    "spawnList": []
  }
}