{
  "_fv": 8,
  "_type": "biome",
  "definition": {
    "groundBlock": {
      "value": "Blocks.STAINED_GLASS#0"
    },
    "undergroundBlock": {
      "value": "Blocks.STAINED_GLASS#0"
    },
    "generateLakes": true,
    "treeType": 1,
    "vanillaTreeType": "Default",
    "minHeight": 15,
    "spawnVines": true,
    "treeVines": {
      "value": "Blocks.IRON_BARS"
    },
    "treeStem": {
      "value": "Blocks.QUARTZ_BLOCK#2"
    },
    "treeBranch": {
      "value": "Blocks.QUARTZ_BLOCK#3"
    },
    "treeFruits": {
      "value": "Blocks.SLIME_BLOCK"
    },
    "customColors": true,
    "airColor": {
      "value": -6684673,
      "falpha": 0.0
    },
    "grassColor": {
      "value": -1,
      "falpha": 0.0
    },
    "waterColor": {
      "value": -1,
      "falpha": 0.0
    },
    "treesPerChunk": 5,
    "grassPerChunk": 0,
    "flowersPerChunk": 0,
    "mushroomsPerChunk": 0,
    "bigMushroomsChunk": 0,
    "sandPathcesPerChunk": 0,
    "gravelPatchesPerChunk": 0,
    "reedsPerChunk": 0,
    "cactiPerChunk": 0,
    "rainingPossibility": 0.5,
    "temperature": 0.5,
    "baseHeight": 0.1,
    "heightVariation": 0.2,
    "spawnBiome": false,
    "biomeWeight": 10,
    "biomeType": "WARM",
    "biomeCategory": "NONE",
    "parent": {
      "value": "No parent"
    },
    "biomeDictionaryTypes": [],
    "spawnList": [
      {
        "value": "EntityGhast"
      },
      {
        "value": "EntityFox"
      }
    ]
  }
}