{
  "_fv": 8,
  "_type": "dimension",
  "definition": {
    "portalFrame": {
      "value": "Blocks.QUARTZ_BLOCK#1"
    },
    "portalParticles": {
      "value": "PORTAL"
    },
    "portalLuminance": 1.0,
    "portalSound": {
      "value": "block.portal.ambient"
    },
    "igniterName": "SkyWorld Summoner",
    "igniterTab": {
      "value": "TOOLS"
    },
    "texture": "skyworld_summoner",
    "portalTexture": "skyworld_portal_block",
    "enablePortal": true,
    "biomesInDimension": [
      {
        "value": "CUSTOM:SkylandsBiome"
      }
    ],
    "worldGenType": "End like gen",
    "mainFillerBlock": {
      "value": "Blocks.STAINED_GLASS#0"
    },
    "fluidBlock": {
      "value": "Blocks.WATER"
    },
    "airColor": {
      "value": -10027009,
      "falpha": 0.0
    },
    "canRespawnHere": false,
    "hasFog": true,
    "hasWeather": true,
    "isDark": false,
    "doesWaterVaporize": false,
    "sleepResult": "ALLOW",
    "hasSkyLight": true,
    "imitateOverworldBehaviour": false
  }
}