{
  "_fv": 8,
  "_type": "biome",
  "definition": {
    "groundBlock": {
      "value": "Blocks.DIRT#2"
    },
    "undergroundBlock": {
      "value": "Blocks.SMOOTH_STONE"
    },
    "generateLakes": true,
    "treeType": 1,
    "vanillaTreeType": "Savanna trees",
    "minHeight": 7,
    "spawnVines": true,
    "treeVines": {
      "value": "Blocks.WEB"
    },
    "treeStem": {
      "value": "Blocks.BOOKSHELF"
    },
    "treeBranch": {
      "value": "Blocks.BOOKSHELF"
    },
    "treeFruits": {
      "value": "Blocks.LANTERN"
    },
    "customColors": true,
    "airColor": {
      "value": -15783240,
      "falpha": 0.0
    },
    "grassColor": {
      "value": -15786753,
      "falpha": 0.0
    },
    "waterColor": {
      "value": -50985,
      "falpha": 0.0
    },
    "treesPerChunk": 6,
    "grassPerChunk": 10,
    "flowersPerChunk": 15,
    "mushroomsPerChunk": 5,
    "bigMushroomsChunk": 2,
    "sandPathcesPerChunk": 2,
    "gravelPatchesPerChunk": 3,
    "reedsPerChunk": 4,
    "cactiPerChunk": 2,
    "rainingPossibility": 0.7999999999999999,
    "temperature": 0.5,
    "baseHeight": 0.1,
    "heightVariation": 0.6,
    "spawnBiome": true,
    "biomeWeight": 10,
    "biomeType": "COOL",
    "biomeCategory": "NONE",
    "parent": {
      "value": "No parent"
    },
    "biomeDictionaryTypes": [],
    "spawnList": [
      {
        "value": "EntityBee"
      },
      {
        "value": "EntityArmorStand"
      },
      {
        "value": "EntityEgg"
      },
      {
        "value": "EntityMinecartChest"
      }
    ]
  }
}