{
  "_fv": 8,
  "_type": "biome",
  "definition": {
    "groundBlock": {
      "value": "Blocks.STONE#0"
    },
    "undergroundBlock": {
      "value": "CUSTOM:Deepstone"
    },
    "generateLakes": false,
    "treeType": 0,
    "vanillaTreeType": "Default",
    "minHeight": 7,
    "spawnVines": false,
    "treeVines": {
      "value": ""
    },
    "treeStem": {
      "value": ""
    },
    "treeBranch": {
      "value": ""
    },
    "treeFruits": {
      "value": ""
    },
    "customColors": true,
    "airColor": {
      "value": -10066330,
      "falpha": 0.0
    },
    "grassColor": {
      "value": -13261999,
      "falpha": 0.0
    },
    "waterColor": {
      "value": -14329397,
      "falpha": 0.0
    },
    "treesPerChunk": 0,
    "grassPerChunk": 0,
    "flowersPerChunk": 0,
    "mushroomsPerChunk": 0,
    "bigMushroomsChunk": 0,
    "sandPathcesPerChunk": 0,
    "gravelPatchesPerChunk": 0,
    "reedsPerChunk": 0,
    "cactiPerChunk": 0,
    "rainingPossibility": 0.0,
    "temperature": 0.8,
    "baseHeight": 0.30000000000000004,
    "heightVariation": 0.5,
    "spawnBiome": false,
    "biomeWeight": 10,
    "biomeType": "WARM",
    "biomeCategory": "NONE",
    "parent": {
      "value": "No parent"
    },
    "biomeDictionaryTypes": [],
    "spawnList": [
      {
        "value": "EntityCaveSpider"
      },
      {
        "value": "EntityMinecartFurnace"
      },
      {
        "value": "EntitySilverfish"
      },
      {
        "value": "EntitySlime"
      },
      {
        "value": "EntityWitherSkeleton"
      },
      {
        "value": "EntityWitherSkull"
      },
      {
        "value": "EntityBat"
      }
    ]
  }
}