{
  "_fv": 8,
  "_type": "dimension",
  "definition": {
    "portalFrame": {
      "value": "CUSTOM:Midstone"
    },
    "portalParticles": {
      "value": "PORTAL"
    },
    "portalLuminance": 0.0,
    "portalSound": {
      "value": "block.portal.ambient"
    },
    "igniterName": "Underworld Sparker",
    "igniterTab": {
      "value": "TOOLS"
    },
    "texture": "better_sparker",
    "portalTexture": "deepstone_portal_block",
    "enablePortal": true,
    "biomesInDimension": [
      {
        "value": "CUSTOM:UnderWorld"
      }
    ],
    "worldGenType": "Nether like gen",
    "mainFillerBlock": {
      "value": "CUSTOM:Deepstone"
    },
    "fluidBlock": {
      "value": "CUSTOM:Oil"
    },
    "airColor": {
      "value": -16777216,
      "falpha": 0.0
    },
    "canRespawnHere": false,
    "hasFog": true,
    "hasWeather": false,
    "isDark": true,
    "doesWaterVaporize": true,
    "sleepResult": "ALLOW",
    "hasSkyLight": false,
    "imitateOverworldBehaviour": false,
    "onPlayerLeavesDimension": {
      "name": "CaveMadness"
    }
  }
}