{
  "group": "underworld",
  "type": "minecraft:crafting_shaped",
  "pattern": [
    "01",
    "23",
    "45"
  ],
  "key": {
    "0": {
      "item": "minecraft:clock"
    },
    "1": {
      "item": "minecraft:compass"
    },
    "2": {
      "item": "minecraft:iron_nugget"
    },
    "3": {
      "item": "minecraft:gold_nugget"
    },
    "4": {
      "item": "minecraft:clay_ball"
    },
    "5": {
      "item": "minecraft:redstone_block"
    }
  },
  "result": {
    "item": "underworld:phone",
    "count": 1
  }
}