{
  "group": "underworld",
  "type": "minecraft:crafting_shaped",
  "pattern": [
    "012",
    "345",
    " 7 "
  ],
  "key": {
    "0": {
      "item": "minecraft:leather"
    },
    "1": {
      "item": "minecraft:leather"
    },
    "2": {
      "item": "minecraft:leather"
    },
    "3": {
      "item": "minecraft:leather"
    },
    "4": {
      "item": "minecraft:leather"
    },
    "5": {
      "item": "minecraft:leather"
    },
    "7": {
      "item": "minecraft:iron_nugget"
    }
  },
  "result": {
    "item": "minecraft:saddle",
    "count": 1
  }
}